Index	Account Id	Lead Owner	First Name	Last Name	Company	Phone 1	Phone 2	Email	Website	Notes
1	15a39d5cDE6CBb6	Bill Butler	Melvin	Orozco	"Peck, Olsen and Cobb"	498-650-7488x407	001-088-191-4759	neil80@kane.org	https://juarez-baxter.org/	Including law first this realize president assume.
2	B5ABd4CEbfdeb00	Cole Austin	Tommy	Russo	Murphy-Walter	611.784.3902	+1-878-547-4892	aedwards@hale.com	http://bush.info/	Member court really talk.
3	D97FA45A0a7Fdb2	Tim Rogers	Sophia	Wiggins	Kelley-Garrison	001-298-342-4708	(408)595-9294x7938	haley41@montes.com	http://webb-gould.com/	Instead peace training fast site degree loss.
4	A039bE54aEFDbEF	Gail Reyes	Debbie	Wiggins	Figueroa-Galvan	554-760-6490x8764	409.799.6319	oponce@galloway.com	http://www.scott.com/	Civil usually player policy.
5	fAFF4D8ea4Dd942	Kim Gibson	Leonard	Hampton	Steele-Shepard	001-530-066-8880x32319	+1-417-204-0238x2593	schmidtdaisy@vaughan-cardenas.com	http://vargas.com/	Price contain can free set simple.
6	7C98b7d0Fc406Ec	Roberta Perez	Marc	Miles	Christian Inc	637-181-0221x524	001-927-632-9530x7776	phelpsmarisa@braun.com	https://www.ware.com/	Clear out mean bad serious democratic.
7	A3Ba161Db2aDF87	Sherry Rich	Mckenzie	Reynolds	"Jackson, Hull and Murphy"	751.958.5786x42138	361.880.9310	ishaw@andrade-stokes.com	http://www.cunningham-james.com/	Hot drug now.
8	f4D4e518F0C16bf	Jeff Nunez	Casey	Mckinney	Norton and Sons	001-225-264-9663	534-114-1015	princesheri@delacruz.com	https://www.winters-sampson.org/	Election apply fall lead suggest long speech.
9	AEcC0aE614eeDE4	Ray Allison	Bailey	Andrade	"Yates, Santana and Holder"	(122)606-3170	944.118.0395x496	erin46@curry-rosario.com	https://www.lee.com/	Sing town nothing any.
10	d9DC7cECc95A2De	Caroline Cantrell	Emily	Jacobson	Moody-Webster	+1-197-454-1612	001-888-164-1877x98139	ojordan@reid.net	https://juarez-caldwell.com/	Book foreign animal she news.
11	D16F0B9Ea101ab9	Matthew Fuentes	Jermaine	Watson	Barry-Duffy	427.160.6598x841	(920)870-1076x349	erikapham@hendricks.com	https://www.brady.com/	Value quite case last great arrive remain.
12	EB1ce9bEF116F3f	Elizabeth Roman	Sonia	Allen	"Porter, Davis and Schultz"	624-545-8747x226	(084)414-1294	ethomas@lucas-pineda.com	http://bryan-sanchez.com/	Forward set whole hospital myself create trade.
13	FcBC3bE5aabf37f	Meagan Munoz	Charlene	Cabrera	"Floyd, Mclean and Barton"	+1-821-078-3132x5920	870.992.0167x00183	billy63@keller.com	https://www.bush.com/	Face support like final just show various.
14	a8272EA2dcdffB1	Crystal Goodwin	Renee	Marshall	Dean-Nelson	+1-126-897-9022x337	001-065-771-5890x5462	stuartbonilla@austin.com	http://www.oconnor-floyd.com/	Open despite apply simple each.
15	5E2dBEa3893E5cB	Dawn Estrada	Candace	Dickerson	Cameron PLC	001-113-499-1951x42651	+1-527-862-6847x2325	lorettablanchard@hartman.info	https://www.willis-davies.info/	Head contain fight.
16	e27497A5BbF4D4B	Mason Mcdowell	Eugene	Bonilla	Blanchard-Novak	4362726109	001-518-597-2136x6763	kleinemily@washington-sampson.com	http://www.moran-perkins.com/	Hotel support wrong scene history lot recently.
17	52e52EFD3f20EDC	Joe Hester	Michele	Huffman	Rodgers LLC	560-782-3998x3485	266.143.4246x5726	tylerchloe@faulkner.com	http://www.buchanan.net/	Others believe about.
18	A32f9FAc3586D0E	Marie Thornton	Christy	Dodson	Cabrera-Calhoun	001-946-335-0696	240.614.7995x8821	gchan@george-payne.biz	https://www.daniel.com/	Tough fall glass address never.
19	eF8B99cfdf8b558	Francisco Lin	Bonnie	Crawford	Boyd Ltd	744-151-4185	375.419.2849	francis50@hines.org	https://merritt-short.com/	Between determine pattern value million cup whom.
20	dE8bBa9D010E7d2	Janet Skinner	Francis	Harper	Schultz-Lynch	(577)513-1732x2936	485.776.7937x70996	alexandriaacevedo@hart.com	http://craig.org/	Camera three reduce about.
21	5E37EDbFFe0fe1d	Darrell Johnston	Adam	Ibarra	Church PLC	778-102-1353x564	813.506.9617x024	alejandromcclure@everett.com	http://www.kline.net/	Hard law compare sense whether.
22	66d5d5F7bc9aE09	Earl Conner	Alicia	Stevens	"Padilla, Osborn and Hancock"	6655043918	964-478-5840x610	joannamccarty@lawrence.com	http://mills.info/	Show method dark stuff black beat.
23	d3ADb0e8A1e4537	Tonya Jimenez	Oscar	Ramos	"Hardin, Le and Burnett"	001-566-199-4056x8808	3542885102	gandrews@mitchell-deleon.com	http://www.santos.com/	World top age budget lot play safe.
24	CD26FE13BB5bbec	Tanya Roberts	Erik	Allen	Sanford-Sandoval	052-625-9769	001-812-410-1340	pmcclure@schroeder.biz	http://www.underwood.com/	Technology newspaper attention western.
25	6bB2237fbaAeDff	Kent Bishop	Anna	Callahan	"Moran, Howard and Kerr"	805.574.2886x0169	001-520-121-9239x4745	marilynsalas@curtis.biz	http://kent-vang.com/	Position foot day red ask work use.
26	F76079ffadb79b7	Jose Pham	Corey	Foley	"Juarez, Guzman and Powers"	+1-370-109-7224x749	787-035-7859x03197	jacksonkurt@vincent-lin.com	http://burns.com/	Defense kind leg newspaper.
27	C2Ef3d1bC69D8F7	Jared Garrison	Regina	Boyle	"Douglas, Watts and Farley"	+1-643-649-9812	668-991-7729	luke32@blankenship-strong.biz	https://www.mooney-nielsen.com/	History whole act various open.
28	Ac954B828eD28DB	Martha Fry	Malik	Zuniga	"Poole, Liu and Schneider"	171.587.7780	794-622-5316x664	gramsey@jones-calderon.info	http://www.hines.biz/	Or ten role somebody serious bag daughter.
29	376fCfE99EDCB4a	Jessica Robbins	Mason	Brown	"Lawson, Keith and Terry"	626.499.1194x7684	+1-020-948-2141x993	olsoncaleb@little.org	https://www.warner.info/	Treat turn join put return place.
30	f4B5EC3b5d50bDE	Angela Stewart	Carla	Higgins	Goodman, Cardenas and Riley	532.357.7062	379-349-4062x6799	sharronmoody@mcbride-camacho.com	https://www.james.com/	Investment pass rather.
31	C63FEfA4d4a7F26	Jeff Miller	Renee	Martin	Riley-Powers	567-817-9918x098	599.303.9575	woodardamber@johnson.com	https://ramirez.com/	South land few popular order article area.
32	6f5D2f53d6C2A31	Bonnie Garcia	Landon	Taylor	Mann Group	245.016.5665x795	001-098-948-3926	ramirezlogan@cook-bush.com	https://www.moss.info/	Whatever different environment.
33	4d7a9C6eAdFe9Cc	Molly Strickland	Natalie	Torres	"Barker, Santiago and Olson"	+1-405-064-7522x26366	343.316.3608x920	rpeterson@christensen.com	http://www.davidson.info/	Stage wall technology.
34	4c74d8ff2cFf3fE	Alvin Jensen	Alexander	Osborn	"Ramirez, Brown and Glover"	+1-381-823-6978x863	001-383-579-1521x170	skramer@nguyen.net	http://harris.com/	Body subject get effect.
35	6F9910e6Fae16dC	Ruben Chang	Krista	Huerta	Harmon and Sons	+1-823-277-7555	330-859-1796x71148	ramosisabella@chandler.com	http://www.perry.com/	Seem interest be laugh show doctor behind.
36	c55E8AFaAA199Df	Phillip Grant	Erik	Stone	Smith-Garcia	+1-204-329-4851x029	270-062-4418x93052	catherinejones@bowen.com	http://stephens.com/	Thus pressure economic strong between time alone.
37	67a9FaFE37aB18f	Kimberly Davis	Travis	Floyd	Schmidt and Sons	(990)937-6802	+1-189-933-3000x297	antoniojones@smith.com	http://www.miller-mcbride.net/	Fact artist detail contain current them father everyone.
38	9e06AaFe47dD6f6	Noah Blevins	Jake	Gonzalez	Beck-Moore	548-108-2182	001-122-939-6902x23713	kelsiefoster@cohen.org	https://www.chavez-davis.com/	Could head son.
39	d9DA2cDbCBc12f2	Jason Barton	Donna	Holloway	"Castro, Berry and Roberts"	+1-134-313-1503x621	(332)059-6287x857	vinsonrodney@chavez.info	http://www.roy-salazar.com/	Wonder help happen federal speech thousand lead.
40	b2eFADa4BfbbeC2	Madison Klein	Dakota	Booth	"Howard, Edwards and Beck"	866.704.3623x153	+1-054-286-5916x21971	carlaharrison@lambert-kelly.net	http://romero.com/	Country room blood relate share.
41	229c3a3dDdAdff6	Crystal Rivera	Kevin	Figueroa	Beasley Group	527-551-3586x8020	667.800.1410	ashleymelendez@johnson-nichols.com	https://martin-lyons.org/	War until forget body.
42	6dfFdD13ecb22Ef	Kristina Murphy	Erika	Weber	"Rhodes, Dean and Doyle"	294.837.9637x195	737-762-7972x2613	obrientimothy@lambert-martin.com	https://vaughn.biz/	Significant think industry.
43	37CFdF0a88F6ce6	Steven Vasquez	Olivia	Reyes	Contreras-Mcgee	(215)794-9055	+1-492-778-0363	samanthasaunders@park.info	http://gutierrez.org/	Play trip pull front trade officer relate.
44	5A7Ef91Cf4E24ED	Roger Wong	Steven	Mccoy	Robinson LLC	315-289-8472x725	001-712-076-1997	todddaniel@hunter.com	http://www.villegas.com/	President soldier suddenly western recently.
45	c67AfFA1EF0C4b1	Courtney Daniel	Brianna	Schmidt	Hansen Ltd	128.722.1836	+1-873-633-8775x6290	nicoleanderson@diaz.biz	http://mitchell-sampson.biz/	Relate newspaper enter better series finish.
46	9F3e0E1d6dA7E79	Tyler Paul	Glenda	Mcguire	Tate-Russell	+1-300-362-9408x426	262-819-8795x448	millscheryl@aguilar-velasquez.net	http://www.miller-stout.com/	Suddenly this type improve three how.
47	E5dBFfaBdfb1C82	Richard Frank	Angelica	Colon	Hernandez Ltd	+1-399-832-3633	001-174-494-6115	richard89@bush.com	https://www.baker.com/	Would operation red drop.
48	8Ca2E1b7dD2CFfA	Aaron Pratt	Erika	Castillo	Santos, Wells and Caldwell	135.730.2518x9821	+1-558-279-3177	phillip60@nelson.net	http://www.anderson-hart.com/	Next management wear brother section.
49	7Ae9f0B78AdEf1a	Lauren Patton	Olivia	Gomez	"Riley, Pratt and Estrada"	+1-574-850-1708	001-764-530-6317	briana29@harris.info	https://vaughn.com/	Become finally view.
50	A2a55dDf4F11B69	Ashley Nguyen	Chelsea	Dennis	Hill Group	+1-964-362-6761x331	001-624-574-4783	lopezshannon@johnson.com	http://www.gordon-mendoza.net/	Employee civil method effort much when sure similar.
51	f0CB32Abdecb93F	Gerald Fernandez	Cameron	Pena	"Steele, Rivera and Romero"	(525)091-4627x2747	001-011-329-1943x46558	janepotts@owen.com	http://www.burgess.net/	Seek beautiful eight smile.
52	3b2C7FcA3B2ed8B	Crystal Melton	Tanya	Ramsey	"Haynes, Silva and Yates"	127.733.1736	001-822-948-6901x74964	keithjennifer@freeman.com	https://johnson-pena.org/	Behavior question while generation conference husband chance.
53	CFAaCD6D3aBcC8E	Tammy Shepherd	Stacey	Richardson	Curtis-Manning	209.365.6973	+1-484-683-6784x49929	kimberlysampson@joseph.org	https://www.hughes.com/	Agency think candidate collection get lead.
54	62eE08AcFdB8AeC	Steven White	Joann	Mitchell	"Chen, Harper and Ramirez"	+1-784-359-4389	441.658.5803x607	ruth19@phillips.com	http://www.sherman-barnes.net/	Follow collection pass million expect campaign.
55	15d8f9D9FcDA29a	Catherine Martinez	Sandra	Acosta	"Parker, Nelson and Wilson"	168.305.4767	363.800.2864	ashleymorgan@smith.com	http://peters.com/	Sit develop check member.
56	daCA87e3Ce97a8a	Wayne Russell	Patrick	Griffith	Meyers-Jefferson	+1-844-787-4016	001-203-415-6914x9895	wrightpatricia@lane.info	https://www.nelson-meyer.com/	Human listen again until he current throw.
57	f9dBbBFD30A1C88	Marcia Jensen	Daniel	Schneider	"Newton, Johnson and Black"	890.238.2332	+1-088-369-2512x234	dorothy04@lopez.biz	https://www.hardy.net/	Example spend mind according.
58	e0C2e7fE69E76aF	Patrick Cooper	Samantha	Doyle	Maddox-Nguyen	338.710.2965	274-137-4473x1666	ryanjenkins@harris-kane.com	http://www.nixon.org/	Example six crime hundred.
59	eeAFEc86F2bdbE4	Tanya James	Tabitha	Burton	Torres-Guerrero	(590)231-5155	785.006.2671x343	michaelwhite@cunningham-james.com	http://fuller.com/	Dinner hair get want movie so white.
60	A42ADf45fA1dd2B	Julia Hale	Chloe	Morgan	Kim, Golden and Davis	+1-822-945-7298x6359	001-799-663-7230x52953	cindyhernandez@greene.com	https://terrell.com/	Hold hotel black.
61	b9c9DeC7b66eD87	Erik Love	Jack	Smith	Nguyen, Chapman and Brown	158-996-5875x120	001-624-360-0747	rose98@chapman.com	http://www.perry.biz/	Population care give dog hold analysis military.
62	76f4cD17629CEbC	Charlotte Hale	Amy	Miller	Marquez Ltd	+1-641-623-1898x498	001-927-706-1711x1672	alyssaphillips@robinson.org	https://www.montgomery-dickson.net/	Green trial leg sing.
63	7B4BdBf3eBA9AEF	Bill Cole	Erica	Schwartz	"Harper, Goodman and Meyer"	+1-723-726-3095	+1-947-034-4044x70871	samantha75@wells.com	https://www.gilbert-king.biz/	Movie turn rate seek artist.
64	0d4Cc9Ba92dd4dE	Amanda Thomas	Mya	Gomez	Smith, Vargas and Rodriguez	(405)473-5040x6741	001-099-877-6704x063	michelenewton@richmond-little.com	http://www.arnold-hernandez.org/	Thousand policy personal citizen.
65	47b96fAF7C40b2F	Janet Ramos	Janice	Pittman	Jenkins Ltd	+1-808-699-4928	611-257-7211	carrie75@garcia.com	https://www.moran.biz/	Find attack heart recent should west claim.
66	bfAcA60Fd12D9EC	Veronica Ballard	Tara	Rivera	"Wilson, Knight and Ross"	+1-747-535-7378x889	895-391-9736x438	kaitlyn32@marquez.com	http://james.net/	Use test land pull population son clear fight.
67	Ce6EEaE6185C52d	James Warner	Veronica	Santana	Ross, Mcintosh and George	709.373.3845x736	001-026-724-2091x8768	hrodriguez@boyd.info	http://www.herrera.net/	Land boy meet career dark conference.
68	3C27BbBFbAB1B37	Joyce Russell	Corey	Davidson	"Nelson, Carlson and Juarez"	+1-072-933-8251	979-585-0731x829	nancycooper@paul.org	http://www.mccall-ward.com/	Reason though leg thousand meet eight.
69	b62bE1e1CBBbaC5	Paula Newton	Erica	Garrett	Merritt and Sons	(567)003-3137x49939	963.503.9572x70924	kellyduran@phillips.org	http://www.ford.org/	Once serious professor consumer space according room.
70	A31D50ef6dDB68E	Lindsey Phillips	Brenda	Davidson	Morrow Group	001-342-091-8680x797	501.598.6078	kimberly37@johnson-morrison.com	http://rodriguez-peters.org/	Shoulder stage every through body.
71	b23E7d3BcFd37C1	Michelle Daniel	Jacqueline	Jefferson	Thompson-Benitez	526-517-2632	+1-778-075-8081x6258	abigail69@myers.com	https://sherman.com/	Thank rule maintain.
72	C6DAaE27e9B18c7	Timothy Hammond	Karen	Blake	Mendoza-Lewis	+1-380-424-7461x772	001-104-699-3998	nicholas71@evans.com	http://norris.biz/	Medical baby party wonder.
73	A23cE99e8BC2EfA	Julia Chandler	Christopher	Dixon	"Austin, Ayala and Morse"	776-625-6745x328	+1-142-024-6401x635	brianna18@parsons.com	https://www.armstrong-smith.com/	Size take right management money.
74	c56DFF6Af8F15c6	Danielle Patterson	Cameron	Hawkins	Morgan PLC	001-855-283-4907x3852	+1-198-845-1400x9409	freedanielle@johnson-davis.org	https://miller-summers.biz/	Include argue sort sing check.
75	EA50d2F1c58d4d3	Deborah Washington	Isaiah	Jones	Campbell Ltd	+1-776-718-0572x9781	445.427.4901	jaredwilson@whitaker-rhodes.info	https://www.maldonado.org/	Lay off today even expect hospital own.
76	D6eEFbEf48F81D2	Kristen Boyd	Lindsey	Cameron	"Scott, Foster and Torres"	604.076.1312	+1-763-019-6518	heidialvarez@howell-burke.com	https://moore.org/	Reality education history think head player.
77	fEfCa50a9DA8D6C	Carrie Estrada	Kendall	Pittman	Baker PLC	742-066-4140x1518	+1-646-095-3016x19175	mercerbrock@schultz.info	http://davidson.biz/	Arrive sign give skin author loss ahead.
78	1Bf69DDA2d64A4A	Gail Walters	Jimmy	Moody	Jones-King	+1-489-794-2250x008	462-036-1364x679	nharding@james.com	http://www.ramirez.com/	Offer high fall company attack.
79	48cA61EE73e7B44	Jose Munoz	Sean	Dennis	Gilbert, Chapman and Gonzalez	795-829-2587x541	001-571-957-6708	juliejones@johnson.com	http://www.martin.net/	Increase every industry one else structure.
80	0Ef21B9Be38c9Bc	Alicia Figueroa	Allen	Pena	Ray-Mccormick	+1-424-062-2324x25568	575-516-3674	tatejanet@dickerson-mcbride.info	http://www.barton-paul.com/	Decision institution weight drug see exactly.
81	Da9C0E30d6fB52E	Frankie Kennedy	Brandi	Brewer	Alexander-Henson	573.031.1654x6186	275.011.0304	lance80@harris.net	http://www.martin-miller.com/	Range reason allow rather.
82	FE5Eb7b2eC5Ea16	Corey Santiago	Shannon	Brooks	"Chen, Phillips and Lopez"	225-155-6162x845	896-721-2391	laurencunningham@jacobs.com	https://bryan-hawkins.com/	Citizen despite front spring money though certainly.
83	7AfF8aF5aAb0Cc8	Kendall Hampton	Holly	Chavez	"Torres, Webster and Santos"	001-672-073-7691	708.303.1771x29860	fernandezpaul@lawson.com	https://floyd.com/	They her reduce water thank different.
84	A9C13f12E2b77cB	Dominique Hardy	Dillon	Harper	Pena LLC	147-426-0296x5954	+1-051-682-7411x3970	carlossmith@hernandez.biz	http://www.foster.biz/	Daughter sure agent.
85	3A4fD8f94df8f8A	Anthony Simpson	Lillian	Sullivan	Carlson and Sons	+1-551-247-1551x0609	144.155.8991x8226	edwinhughes@davis.com	https://www.grant.org/	Baby war close cut protect business college.
86	CcaADf91A74BbE6	Debra Stanley	Holly	Johnson	"Chapman, Yoder and Wilson"	+1-274-151-9447x634	(777)152-1967x03308	shanedavis@rhodes.biz	https://brown.net/	Available among professor list detail also.
87	7ED8F18A67e9C97	Randy Moore	Joshua	Martinez	Martinez-Watson	+1-574-355-2078x37422	463-358-2100x1927	rachelthompson@hart-garcia.biz	https://www.edwards.com/	Effect wrong end all region.
88	70f27C36aBeFcc7	Allison Hill	Jesse	Greer	Gonzalez-Watkins	001-676-649-8205x06639	+1-122-476-3761x47757	alvarezglenn@hickman.org	https://www.kramer.com/	Light south issue project prevent start.
89	87d8Cbfd2A80DE6	Keith Walsh	Jennifer	May	Davis and Sons	697.056.3371	+1-616-283-1601x39986	alyssa45@jenkins.org	https://www.luna.com/	Former activity big suddenly some meet.
90	EAa7B39eD91cA91	Donna Andrews	Susan	Cameron	"Turner, Knox and Black"	799.140.8264x63979	818-521-2597x0406	lynchjacob@hunt.com	http://scott.com/	Condition medical happen section coach health door.
91	c67e2Da3aE3a2c4	Darren Bowman	Courtney	Dean	Snyder-Kelly	+1-974-655-2533	715.091.3668	robinsoncheryl@nichols.com	https://nichols-jones.org/	Some speech another later pull necessary example.
92	DDf93Ed9D3B16C1	Deborah Massey	Angela	Richardson	Howard, Sullivan and Monroe	+1-991-771-0474	(676)684-0981x09480	rodriguezmaria@diaz.org	https://www.norton.com/	Single his investment human commercial crime.
93	9D8F4F28CdfA2C9	Kimberly Watkins	Lance	Jensen	Young, Pierce and Anthony	944-535-2696x53927	700.572.1866x9149	rhondahowell@myers.net	http://gordon.com/	Pick exist local tend exactly.
94	fb9EA3bDFCdDBd3	Samantha Moore	Chris	David	"Ross, Berry and Cruz"	452-210-3714	+1-022-758-6067	davidsonrobert@velasquez.net	https://www.butler-brown.com/	Fight once west provide group point.
95	f6e2Ed1f66FAEa9	Jay Franklin	Robert	Bell	Ford-Cross	+1-160-600-8621	(621)198-6655	sabrinasmith@olson-davis.com	https://baldwin.com/	Whether everybody about possible population sport professional.
96	14FE69b6cC79A7E	Robert Frank	Kristin	Garrett	Sampson, Thomas and Williams	858-763-4395	+1-896-429-9531x01891	dennisjohnson@mosley.com	https://anderson.org/	Shake material thus indicate eight sit.
97	ED7f4CE45aD4aF7	Brenda Strickland	Dakota	Garrett	Martinez-White	+1-249-494-8318x2147	001-509-157-7327x6351	brendapeterson@white.net	http://thomas-jackson.com/	Along crime rest front nearly rock.
98	62AC2b2d6A3dD92	Joshua Lewis	Joshua	Maldonado	Robinson-Fleming	665-481-9641x82547	711.725.4993	wendymartinez@roberts.com	https://carpenter.org/	Life just whole.
99	E5aBcfF9Fc65e6C	Cameron Weber	Isaiah	Fowler	Allen, Burgess and Simpson	132-621-7254x54583	(140)841-8534	samanthahawkins@anderson.org	https://spencer.com/	Smile ahead customer walk.
100	b2DFFdFfa7cCe52	Jeremy Griffith	Steven	Drake	"Smith, Coleman and Phillips"	+1-612-353-5769x01513	661-046-5391x001	torresmichael@page.net	http://murray.com/	Little measure federal green film per model.